<?xml version="1.0" encoding="UTF-8"?>
<!DOCTYPE suite SYSTEM "http://testng.org/testng-1.0.dtd">
<suite name="Optus_PVT_Suite">
	<test name="TC001_WorkOrder_Page" preserve-order="true">
		<classes>
			<class name="executionEngine.TC001_DriverScript"/>
		</classes>
	</test>
	<test name="TC002_SiteDiary_Page" preserve-order="true">
		<classes>
			<class name="executionEngine.TC002_DriverScript"/>
		</classes>
	</test>
	<test name="TC003_PurchaseOrder_Page" preserve-order="true">
		<classes>
			<class name="executionEngine.TC003_DriverScript"/>
		</classes>
	</test>
 	<listeners>
		<listener class-name="atu.testng.reports.listeners.ATUReportsListener"></listener>
		<listener class-name="atu.testng.reports.listeners.ConfigurationListener"></listener>
		<listener class-name="atu.testng.reports.listeners.MethodListener"></listener>
	</listeners>
</suite>