<?xml version="1.0" encoding="UTF-8"?>
<!DOCTYPE suite SYSTEM "http://testng.org/testng-1.0.dtd">
<suite name="ZOPTUS_LOCAL_SUITE" preserve-order="false">
	<test name="TC001_SignIn_Page">
		<classes>
			<class name="Zoptusmodule.TC001_SignIn_Page" />
		</classes>
	</test>
	<test name="TC002_Home_Page">
		<classes>
			<class name="Zoptusmodule.TC002_Home_Page" />
		</classes>
	</test>
	<test name="TC003_WorkOrder_Page">
		<classes>
			<class name="Zoptusmodule.TC003_WorkOrder_Page" />
		</classes>
	</test>

	<test name="TC004_Sites_Page">
		<classes>
			<class name="Zoptusmodule.TC004_Sites_Page" />
		</classes>
	</test>
	<test name="TC005_Commercial_Page">
		<classes>
			<class name="Zoptusmodule.TC005_Commercial_Page" />
		</classes>
	</test>
	<test name="TC006_ProjectManagement_Page">
		<classes>
			<class name="Zoptusmodule.TC006_ProjectManagement_Page" />
		</classes>
	</test>
	<test name="TC007_Maintanence_Page">
		<classes>
			<class name="Zoptusmodule.TC007_Maintanence_Page" />
		</classes>
	</test>
	<test name="TC008_Reports_Page">
		<classes>
			<class name="Zoptusmodule.TC008_Reports_Page" />
		</classes>
	</test>
	<test name="TC009_UserProfile_Page">
		<classes>
			<class name="Zoptusmodule.TC009_UserProfile_Page" />
		</classes>
	</test>
	
</suite> 
