<?xml version="1.0" encoding="UTF-8"?>
<!DOCTYPE suite SYSTEM "http://testng.org/testng-1.0.dtd">
<suite name="DMS_Reports_Regression">
	<test name="DMS_Contract_Reports" preserve-order="true">
		<classes>
			<class name="executionEngine.TC001_Reports_Contract_Management" />
		</classes>
	</test>
	<test name="DMS_Cost_Reports" preserve-order="true">
		<classes>
			<class name="executionEngine.TC002_Reports_Cost_Management" />
		</classes>
	</test>
	<test name="DMS_Design_Reports" preserve-order="true">
		<classes>
			<class name="executionEngine.TC003_Reports_Design_Management" />
		</classes>
	</test>
	<test name="DMS_Logistic_Reports" preserve-order="true">
		<classes>
			<class name="executionEngine.TC004_Reports_Logistic" />
		</classes>
	</test>
	<test name="DMS_Project_Reports" preserve-order="true">
		<classes>
			<class name="executionEngine.TC005_Reports_Project_Management" />
		</classes>
	</test>
	<test name="DMS_Schedule_Reports" preserve-order="true">
		<classes>
			<class name="executionEngine.TC006_Reports_Schedule_Management" />
		</classes>
	</test>
	<listeners>
		<listener class-name="atu.testng.reports.listeners.ATUReportsListener"></listener>
		<listener class-name="atu.testng.reports.listeners.ConfigurationListener"></listener>
		<listener class-name="atu.testng.reports.listeners.MethodListener"></listener>
	</listeners>
</suite>